feature,importance
cog_score,0.4094447661603603
ses_pca,0.37756247240648244
linking_idx,0.1330225972707577
bonding_idx,0.06974371883878448
hukou_type,0.010226445323615017
